﻿<?xml version="1.0" encoding="utf-8"?>
<!-- Edit this file carefully! Editing may lead to unpredictable behaviour! -->
<DSP ID="4" Interface="SPI">
	<BusAddress Value="0x04"/>
	<ProjectFileFormat>SigmaStudio (*.dat;*.xml)|*.dat; *.xml</ProjectFileFormat>
	<Cells AreCellsConstant="true">
		<Cell Title="MCLK Pin func" WriteType="ReadModifyWrite">
			<Parameters>
				<Parameter>
					<Name>MCLK Pin func</Name>
					<Address>0</Address>
					<Size>2</Size>
				</Parameter>
			</Parameters>
		</Cell>
		<Cell Title="MCLKO Pin" WriteType="ReadModifyWrite">
			<Parameters>
				<Parameter>
					<Name>MCLKO Pin</Name>
					<Address>0</Address>
					<Size>2</Size>
				</Parameter>
			</Parameters>
		</Cell>
		<Cell Title="MCLK Enable" WriteType="ReadModifyWrite">
			<Parameters>
				<Parameter>
					<Name>MCLK Enable</Name>
					<Address>0</Address>
					<Size>2</Size>
				</Parameter>
			</Parameters>
		</Cell>
		<Cell Title="DAC Sample rate" WriteType="ReadModifyWrite">
			<Parameters>
				<Parameter>
					<Name>DAC Sample rate</Name>
					<Address>2</Address>
					<Size>2</Size>
				</Parameter>
			</Parameters>
		</Cell>
		<Cell Title="DAC Master mute" WriteType="ReadModifyWrite">
			<Parameters>
				<Parameter>
					<Name>DAC Master mute</Name>
					<Address>4</Address>
					<Size>2</Size>
				</Parameter>
			</Parameters>
		</Cell>
		<Cell Title="DAC Word width" WriteType="ReadModifyWrite">
			<Parameters>
				<Parameter>
					<Name>DAC Word width</Name>
					<Address>4</Address>
					<Size>2</Size>
				</Parameter>
			</Parameters>
		</Cell>
		<Cell Title="DAC 1L Mute" WriteType="ReadModifyWrite">
			<Parameters>
				<Parameter>
					<Name>DAC 1L Mute</Name>
					<Address>5</Address>
					<Size>2</Size>
				</Parameter>
			</Parameters>
		</Cell>
		<Cell Title="DAC 1R Mute" WriteType="ReadModifyWrite">
			<Parameters>
				<Parameter>
					<Name>DAC 1R Mute</Name>
					<Address>5</Address>
					<Size>2</Size>
				</Parameter>
			</Parameters>
		</Cell>
		<Cell Title="DAC 2L Mute" WriteType="ReadModifyWrite">
			<Parameters>
				<Parameter>
					<Name>DAC 2L Mute</Name>
					<Address>5</Address>
					<Size>2</Size>
				</Parameter>
			</Parameters>
		</Cell>
		<Cell Title="DAC 2R Mute" WriteType="ReadModifyWrite">
			<Parameters>
				<Parameter>
					<Name>DAC 2R Mute</Name>
					<Address>5</Address>
					<Size>2</Size>
				</Parameter>
			</Parameters>
		</Cell>
		<Cell Title="DAC 3L Mute" WriteType="ReadModifyWrite">
			<Parameters>
				<Parameter>
					<Name>DAC 3L Mute</Name>
					<Address>5</Address>
					<Size>2</Size>
				</Parameter>
			</Parameters>
		</Cell>
		<Cell Title="DAC 3R Mute" WriteType="ReadModifyWrite">
			<Parameters>
				<Parameter>
					<Name>DAC 3R Mute</Name>
					<Address>5</Address>
					<Size>2</Size>
				</Parameter>
			</Parameters>
		</Cell>
		<Cell Title="DAC 4L Mute" WriteType="ReadModifyWrite">
			<Parameters>
				<Parameter>
					<Name>DAC 4L Mute</Name>
					<Address>5</Address>
					<Size>2</Size>
				</Parameter>
			</Parameters>
		</Cell>
		<Cell Title="DAC 4R Mute" WriteType="ReadModifyWrite">
			<Parameters>
				<Parameter>
					<Name>DAC 4R Mute</Name>
					<Address>5</Address>
					<Size>2</Size>
				</Parameter>
			</Parameters>
		</Cell>
		<Cell Title="DAC 1L Volume">
			<Parameters>
				<Parameter>
					<Name>DAC 1L Volume</Name>
					<Address>6</Address>
					<Size>1</Size>
				</Parameter>
			</Parameters>
		</Cell>
		<Cell Title="DAC 1R Volume">
			<Parameters>
				<Parameter>
					<Name>DAC 1R Volume</Name>
					<Address>7</Address>
					<Size>1</Size>
				</Parameter>
			</Parameters>
		</Cell>
		<Cell Title="DAC 2L Volume">
			<Parameters>
				<Parameter>
					<Name>DAC 2L Volume</Name>
					<Address>8</Address>
					<Size>1</Size>
				</Parameter>
			</Parameters>
		</Cell>
		<Cell Title="DAC 2R Volume">
			<Parameters>
				<Parameter>
					<Name>DAC 2R Volume</Name>
					<Address>9</Address>
					<Size>1</Size>
				</Parameter>
			</Parameters>
		</Cell>
		<Cell Title="DAC 3L Volume">
			<Parameters>
				<Parameter>
					<Name>DAC 3L Volume</Name>
					<Address>10</Address>
					<Size>1</Size>
				</Parameter>
			</Parameters>
		</Cell>
		<Cell Title="DAC 3R Volume">
			<Parameters>
				<Parameter>
					<Name>DAC 3R Volume</Name>
					<Address>11</Address>
					<Size>1</Size>
				</Parameter>
			</Parameters>
		</Cell>
		<Cell Title="DAC 4L Volume">
			<Parameters>
				<Parameter>
					<Name>DAC 4L Volume</Name>
					<Address>12</Address>
					<Size>1</Size>
				</Parameter>
			</Parameters>
		</Cell>
		<Cell Title="DAC 4R Volume">
			<Parameters>
				<Parameter>
					<Name>DAC 4R Volume</Name>
					<Address>13</Address>
					<Size>1</Size>
				</Parameter>
			</Parameters>
		</Cell>
	</Cells>
</DSP>