﻿<?xml version="1.0" encoding="utf-8"?>
<!-- Edit this file carefully! Editing may lead to unpredictable behaviour! -->
<DSP Base="AD1933">
	<Cells>
		<Cell Title="ADC H-P filter" WriteType="ReadModifyWrite">
			<Parameters>
				<Parameter>
					<Name>ADC H-P filter</Name>
					<Address>14</Address>
					<Size>2</Size>
				</Parameter>
			</Parameters>
		</Cell>
		<Cell Title="ADC 1L Mute" WriteType="ReadModifyWrite">
			<Parameters>
				<Parameter>
					<Name>ADC 1L Mute</Name>
					<Address>14</Address>
					<Size>2</Size>
				</Parameter>
			</Parameters>
		</Cell>
		<Cell Title="ADC 1R Mute" WriteType="ReadModifyWrite">
			<Parameters>
				<Parameter>
					<Name>ADC 1R Mute</Name>
					<Address>14</Address>
					<Size>2</Size>
				</Parameter>
			</Parameters>
		</Cell>
		<Cell Title="ADC 2L Mute" WriteType="ReadModifyWrite">
			<Parameters>
				<Parameter>
					<Name>ADC 2L Mute</Name>
					<Address>14</Address>
					<Size>2</Size>
				</Parameter>
			</Parameters>
		</Cell>
		<Cell Title="ADC 2R Mute" WriteType="ReadModifyWrite">
			<Parameters>
				<Parameter>
					<Name>ADC 2R Mute</Name>
					<Address>14</Address>
					<Size>2</Size>
				</Parameter>
			</Parameters>
		</Cell>
		<Cell Title="ADC Sample rate" WriteType="ReadModifyWrite">
			<Parameters>
				<Parameter>
					<Name>ADC Sample rate</Name>
					<Address>14</Address>
					<Size>2</Size>
				</Parameter>
			</Parameters>
		</Cell>
		<Cell Title="ADC Word width" WriteType="ReadModifyWrite">
			<Parameters>
				<Parameter>
					<Name>ADC Word width</Name>
					<Address>15</Address>
					<Size>2</Size>
				</Parameter>
			</Parameters>
		</Cell>
	</Cells>
</DSP>