﻿<?xml version="1.0" encoding="utf-8"?>
<!-- Edit this file carefully! Editing may lead to unpredictable behaviour! -->
<DSP ID="2" Interface="I2C">
	<BusAddress Value="0x38">
	</BusAddress>
	<ProjectFileFormat>SigmaStudio XML file (*.xml)|*.xml</ProjectFileFormat>
	<Cells>
		<Cell Title="LHPVOL">
			<Parameters>
				<Parameter>
					<Name>LHPVOL</Name>
					<Address>16419</Address>
					<Size>1</Size>
				</Parameter>
			</Parameters>
		</Cell>
		<Cell Title="RHPVOL">
			<Parameters>
				<Parameter>
					<Name>RHPVOL</Name>
					<Address>16420</Address>
					<Size>1</Size>
				</Parameter>
			</Parameters>
		</Cell>
		<Cell Title="LOUTVOL">
			<Parameters>
				<Parameter>
					<Name>LOUTVOL</Name>
					<Address>16421</Address>
					<Size>1</Size>
				</Parameter>
			</Parameters>
		</Cell>
		<Cell Title="ROUTVOL">
			<Parameters>
				<Parameter>
					<Name>ROUTVOL</Name>
					<Address>16422</Address>
					<Size>1</Size>
				</Parameter>
			</Parameters>
		</Cell>
		<Cell Title="MONOVOL">
			<Parameters>
				<Parameter>
					<Name>MONOVOL</Name>
					<Address>16423</Address>
					<Size>1</Size>
				</Parameter>
			</Parameters>
		</Cell>
		<Cell Title="Left Vol Control">
			<Parameters>
				<Parameter>
					<Name>Left Vol Control</Name>
					<Address>16398</Address>
					<Size>1</Size>
				</Parameter>
			</Parameters>
		</Cell>
		<Cell Title="Right Vol Control">
			<Parameters>
				<Parameter>
					<Name>Right Vol Control</Name>
					<Address>16399</Address>
					<Size>1</Size>
				</Parameter>
			</Parameters>
		</Cell>
		<Cell Title="ADCLeft">
			<Parameters>
				<Parameter>
					<Name>ADCLeft</Name>
					<Address>16410</Address>
					<Size>1</Size>
				</Parameter>
			</Parameters>
		</Cell>
		<Cell Title="ADCRight">
			<Parameters>
				<Parameter>
					<Name>ADCRight</Name>
					<Address>16411</Address>
					<Size>1</Size>
				</Parameter>
			</Parameters>
		</Cell>
		<Cell Title="DACLeft">
			<Parameters>
				<Parameter>
					<Name>DACLeft</Name>
					<Address>16427</Address>
					<Size>1</Size>
				</Parameter>
			</Parameters>
		</Cell>
		<Cell Title="DACRight">
			<Parameters>
				<Parameter>
					<Name>DACRight</Name>
					<Address>16428</Address>
					<Size>1</Size>
				</Parameter>
			</Parameters>
		</Cell>
		<Cell Title="LAUX IN">
			<Parameters>
				<Parameter>
					<Name>LAUX IN</Name>
					<Address>16395</Address>
					<Size>1</Size>
				</Parameter>
			</Parameters>
		</Cell>
		<Cell Title="RAUX IN">
			<Parameters>
				<Parameter>
					<Name>RAUX IN</Name>
					<Address>16397</Address>
					<Size>1</Size>
				</Parameter>
			</Parameters>
		</Cell>
		<Cell Title="LAUX OUT">
			<Parameters>
				<Parameter>
					<Name>LAUX OUT</Name>
					<Address>16412</Address>
					<Size>1</Size>
				</Parameter>
			</Parameters>
		</Cell>
		<Cell Title="RAUX OUT">
			<Parameters>
				<Parameter>
					<Name>RAUX OUT</Name>
					<Address>16414</Address>
					<Size>1</Size>
				</Parameter>
			</Parameters>
		</Cell>
		<Cell Title="ALCControl3">
			<Parameters>
				<Parameter>
					<Name>ALCControl3</Name>
					<Address>16402</Address>
					<Size>1</Size>
				</Parameter>
			</Parameters>
		</Cell>
		<Cell Title="ALCControl1">
			<Parameters>
				<Parameter>
					<Name>ALCControl1</Name>
					<Address>16404</Address>
					<Size>1</Size>
				</Parameter>
			</Parameters>
		</Cell>
		<Cell Title="ALCSelect">
			<Parameters>
				<Parameter>
					<Name>ALCSelect</Name>
					<Address>16401</Address>
					<Size>1</Size>
				</Parameter>
			</Parameters>
		</Cell>
	</Cells>
</DSP>