﻿<?xml version="1.0" encoding="utf-8"?>
<!-- Edit this file carefully! Editing may lead to unpredictable behaviour! -->
<DSP ID="9" Interface="I2C">
	<BusAddress Value="0x48">
		<AdrLineStates>0;1</AdrLineStates>
		<AdrValues>0x48;0x49</AdrValues>
	</BusAddress>
	<ProjectFileFormat>(*.txt)|*.txt</ProjectFileFormat>
	<Cells AreCellsConstant="true">
		<Cell Title="Mute" WriteType="ReadModifyWrite">
			<Parameters>
				<Parameter>
					<Name>Mute</Name>
					<Address>7</Address>
					<Size>2</Size>
				</Parameter>
			</Parameters>
		</Cell>
		<Cell Title="Volume L">
			<Parameters>
				<Parameter>
					<Name>Volume L</Name>
					<Address>15</Address>
					<Size>1</Size>
				</Parameter>
			</Parameters>
		</Cell>
		<Cell Title="Volume R">
			<Parameters>
				<Parameter>
					<Name>Volume R</Name>
					<Address>16</Address>
					<Size>1</Size>
				</Parameter>
			</Parameters>
		</Cell>
		<Cell Title="Filter" WriteType="ReadModifyWrite">
			<Parameters>
				<Parameter>
					<Name>Filter</Name>
					<Address>7</Address>
					<Size>2</Size>
				</Parameter>
			</Parameters>
		</Cell>
		<Cell Title="SPDIF Select" WriteType="ReadModifyWrite">
			<Parameters>
				<Parameter>
					<Name>SPDIF Select</Name>
					<Address>11</Address>
					<Size>2</Size>
				</Parameter>
			</Parameters>
		</Cell>
		<Cell Title="Input Select" WriteType="ReadModifyWrite">
			<Parameters>
				<Parameter>
					<Name>Input Select</Name>
					<Address>1</Address>
					<Size>2</Size>
				</Parameter>
			</Parameters>
		</Cell>
	</Cells>
</DSP>