﻿<?xml version="1.0" encoding="utf-8"?>
<!-- Edit this file carefully! Editing may lead to unpredictable behaviour! -->
<DSP Interface="I2C">
	<BusAddress Value="0x4C">
		<AdrLineStates>0;1</AdrLineStates>
		<AdrValues>0x4C;0x4D;0x4E;0x4F</AdrValues>
	</BusAddress>
	<Cells>
		<Cell Title="REGVOLL">
			<Parameters>
				<Parameter>
					<Name>REGVOLL</Name>
					<Address>61</Address>
					<Size>1</Size>
				</Parameter>
			</Parameters>
		</Cell>
		<Cell Title="REGVOLR">
			<Parameters>
				<Parameter>
					<Name>REGVOLR</Name>
					<Address>62</Address>
					<Size>1</Size>
				</Parameter>
			</Parameters>
		</Cell>
	</Cells>
</DSP>