﻿<?xml version="1.0" encoding="utf-8"?>
<!-- Edit this file carefully! Editing may lead to unpredictable behaviour! -->
<DSP ID="6" Interface="I2C">
	<BusAddress Value="0x4C">
		<AdrLineStates>0;1</AdrLineStates>
		<AdrValues>0x4C;0x4D;0x4E;0x4F</AdrValues>
	</BusAddress>
	<ProjectFileFormat>PurePathStudio (*.cfg)|*.cfg</ProjectFileFormat>
	<Cells>
		<Cell Title="REGVOLL" IsBypassable="true">
			<Parameters>
				<Parameter>
					<Name>ChangePage</Name>
					<Address>0</Address>
					<Size>1</Size>
				</Parameter>
				<Parameter>
					<Name>REGVOLL</Name>
					<Address>61</Address>
					<Size>1</Size>
				</Parameter>
			</Parameters>
		</Cell>
		<Cell Title="REGVOLR" IsBypassable="true">
			<Parameters>
				<Parameter>
					<Name>ChangePage</Name>
					<Address>0</Address>
					<Size>1</Size>
				</Parameter>
				<Parameter>
					<Name>REGVOLR</Name>
					<Address>62</Address>
					<Size>1</Size>
				</Parameter>
			</Parameters>
		</Cell>
	</Cells>
</DSP>