﻿<?xml version="1.0" encoding="utf-8"?>
<!-- Edit this file carefully! Editing may lead to unpredictable behaviour! -->
<DSP ID="5" Interface="I2C">
	<BusAddress Value="0x10">
		<AdrLineStates>0;1;PD;PU</AdrLineStates>
		<AdrValues>0x10;0x12;0x18;0x1A;0x11;0x13;0x19;0x1B;0x14;0x16;0x1C;0x1E;0x15;0x17;0x1D;0x1F</AdrValues>
	</BusAddress>
	<ProjectFileFormat>SigmaStudio (*.dat;*.xml)|*.dat; *.xml</ProjectFileFormat>
	<Cells AreCellsConstant="true">
		<Cell Title="Auto PWR-down" WriteType="ReadModifyWrite">
			<Parameters>
				<Parameter>
					<Name>Auto PWR-down</Name>
					<Address>4</Address>
					<Size>2</Size>
				</Parameter>
			</Parameters>
		</Cell>
		<Cell Title="Mono mode" WriteType="ReadModifyWrite">
			<Parameters>
				<Parameter>
					<Name>Mono mode</Name>
					<Address>4</Address>
					<Size>2</Size>
				</Parameter>
			</Parameters>
		</Cell>
		<Cell Title="R PWR-down" WriteType="ReadModifyWrite">
			<Parameters>
				<Parameter>
					<Name>R PWR-down</Name>
					<Address>4</Address>
					<Size>2</Size>
				</Parameter>
			</Parameters>
		</Cell>
		<Cell Title="L PWR-down" WriteType="ReadModifyWrite">
			<Parameters>
				<Parameter>
					<Name>L PWR-down</Name>
					<Address>4</Address>
					<Size>2</Size>
				</Parameter>
			</Parameters>
		</Cell>
		<Cell Title="Master PWR-down" WriteType="ReadModifyWrite">
			<Parameters>
				<Parameter>
					<Name>Master PWR-down</Name>
					<Address>4</Address>
					<Size>2</Size>
				</Parameter>
			</Parameters>
		</Cell>
		<Cell Title="DAC Low PWR" WriteType="ReadModifyWrite">
			<Parameters>
				<Parameter>
					<Name>DAC Low PWR</Name>
					<Address>5</Address>
					<Size>2</Size>
				</Parameter>
			</Parameters>
		</Cell>
		<Cell Title="DAC R polarity" WriteType="ReadModifyWrite">
			<Parameters>
				<Parameter>
					<Name>DAC R polarity</Name>
					<Address>5</Address>
					<Size>2</Size>
				</Parameter>
			</Parameters>
		</Cell>
		<Cell Title="DAC L polarity" WriteType="ReadModifyWrite">
			<Parameters>
				<Parameter>
					<Name>DAC L polarity</Name>
					<Address>5</Address>
					<Size>2</Size>
				</Parameter>
			</Parameters>
		</Cell>
		<Cell Title="Edge rate" WriteType="ReadModifyWrite">
			<Parameters>
				<Parameter>
					<Name>Edge rate</Name>
					<Address>5</Address>
					<Size>2</Size>
				</Parameter>
			</Parameters>
		</Cell>
		<Cell Title="Analog gain" WriteType="ReadModifyWrite">
			<Parameters>
				<Parameter>
					<Name>Analog gain</Name>
					<Address>5</Address>
					<Size>2</Size>
				</Parameter>
			</Parameters>
		</Cell>
		<Cell Title="Hard Vol control" WriteType="ReadModifyWrite">
			<Parameters>
				<Parameter>
					<Name>Hard Vol control</Name>
					<Address>6</Address>
					<Size>2</Size>
				</Parameter>
			</Parameters>
		</Cell>
		<Cell Title="DAC R Mute" WriteType="ReadModifyWrite">
			<Parameters>
				<Parameter>
					<Name>DAC R Mute</Name>
					<Address>6</Address>
					<Size>2</Size>
				</Parameter>
			</Parameters>
		</Cell>
		<Cell Title="DAC L Mute" WriteType="ReadModifyWrite">
			<Parameters>
				<Parameter>
					<Name>DAC L Mute</Name>
					<Address>6</Address>
					<Size>2</Size>
				</Parameter>
			</Parameters>
		</Cell>
		<Cell Title="DAC H-P filter" WriteType="ReadModifyWrite">
			<Parameters>
				<Parameter>
					<Name>DAC H-P filter</Name>
					<Address>6</Address>
					<Size>2</Size>
				</Parameter>
			</Parameters>
		</Cell>
		<Cell Title="DAC Sample rate" WriteType="ReadModifyWrite">
			<Parameters>
				<Parameter>
					<Name>DAC Sample rate</Name>
					<Address>6</Address>
					<Size>2</Size>
				</Parameter>
			</Parameters>
		</Cell>
		<Cell Title="DAC L Volume">
			<Parameters>
				<Parameter>
					<Name>DAC L Volume</Name>
					<Address>7</Address>
					<Size>1</Size>
				</Parameter>
			</Parameters>
		</Cell>
		<Cell Title="DAC R Volume">
			<Parameters>
				<Parameter>
					<Name>DAC R Volume</Name>
					<Address>8</Address>
					<Size>1</Size>
				</Parameter>
			</Parameters>
		</Cell>
		<Cell Title="BCLK Polarity" WriteType="ReadModifyWrite">
			<Parameters>
				<Parameter>
					<Name>BCLK Polarity</Name>
					<Address>9</Address>
					<Size>2</Size>
				</Parameter>
			</Parameters>
		</Cell>
		<Cell Title="TDM Slot width" WriteType="ReadModifyWrite">
			<Parameters>
				<Parameter>
					<Name>TDM Slot width</Name>
					<Address>9</Address>
					<Size>2</Size>
				</Parameter>
			</Parameters>
		</Cell>
		<Cell Title="FSYNC Mode" WriteType="ReadModifyWrite">
			<Parameters>
				<Parameter>
					<Name>FSYNC Mode</Name>
					<Address>9</Address>
					<Size>2</Size>
				</Parameter>
			</Parameters>
		</Cell>
		<Cell Title="Data format" WriteType="ReadModifyWrite">
			<Parameters>
				<Parameter>
					<Name>Data format</Name>
					<Address>9</Address>
					<Size>2</Size>
				</Parameter>
			</Parameters>
		</Cell>
		<Cell Title="Interface mode" WriteType="ReadModifyWrite">
			<Parameters>
				<Parameter>
					<Name>Interface mode</Name>
					<Address>9</Address>
					<Size>2</Size>
				</Parameter>
			</Parameters>
		</Cell>
		<Cell Title="SDATA edge delay" WriteType="ReadModifyWrite">
			<Parameters>
				<Parameter>
					<Name>SDATA edge delay</Name>
					<Address>10</Address>
					<Size>2</Size>
				</Parameter>
			</Parameters>
		</Cell>
		<Cell Title="Data width" WriteType="ReadModifyWrite">
			<Parameters>
				<Parameter>
					<Name>Data width</Name>
					<Address>10</Address>
					<Size>2</Size>
				</Parameter>
			</Parameters>
		</Cell>
		<Cell Title="Vol control Zero-Crossing" WriteType="ReadModifyWrite">
			<Parameters>
				<Parameter>
					<Name>Vol control Zero-Crossing</Name>
					<Address>10</Address>
					<Size>2</Size>
				</Parameter>
			</Parameters>
		</Cell>
		<Cell Title="Auto TDM slot selection" WriteType="ReadModifyWrite">
			<Parameters>
				<Parameter>
					<Name>Auto TDM slot selection</Name>
					<Address>10</Address>
					<Size>2</Size>
				</Parameter>
			</Parameters>
		</Cell>
		<Cell Title="TDM L slot">
			<Parameters>
				<Parameter>
					<Name>TDM L slot</Name>
					<Address>11</Address>
					<Size>1</Size>
				</Parameter>
			</Parameters>
		</Cell>
		<Cell Title="TDM R slot">
			<Parameters>
				<Parameter>
					<Name>TDM R slot</Name>
					<Address>12</Address>
					<Size>1</Size>
				</Parameter>
			</Parameters>
		</Cell>
		<Cell Title="Limiter L release" WriteType="ReadModifyWrite">
			<Parameters>
				<Parameter>
					<Name>Limiter L release</Name>
					<Address>14</Address>
					<Size>2</Size>
				</Parameter>
			</Parameters>
		</Cell>
		<Cell Title="Limiter L attack" WriteType="ReadModifyWrite">
			<Parameters>
				<Parameter>
					<Name>Limiter L attack</Name>
					<Address>14</Address>
					<Size>2</Size>
				</Parameter>
			</Parameters>
		</Cell>
		<Cell Title="L battery track" WriteType="ReadModifyWrite">
			<Parameters>
				<Parameter>
					<Name>L battery track</Name>
					<Address>14</Address>
					<Size>2</Size>
				</Parameter>
			</Parameters>
		</Cell>
		<Cell Title="Limiter L mode" WriteType="ReadModifyWrite">
			<Parameters>
				<Parameter>
					<Name>Limiter L mode</Name>
					<Address>14</Address>
					<Size>2</Size>
				</Parameter>
			</Parameters>
		</Cell>
		<Cell Title="Limiter L threshold" WriteType="ReadModifyWrite">
			<Parameters>
				<Parameter>
					<Name>Limiter L threshold</Name>
					<Address>15</Address>
					<Size>2</Size>
				</Parameter>
			</Parameters>
		</Cell>
		<Cell Title="Limiter L slope" WriteType="ReadModifyWrite">
			<Parameters>
				<Parameter>
					<Name>Limiter L slope</Name>
					<Address>15</Address>
					<Size>2</Size>
				</Parameter>
			</Parameters>
		</Cell>
		<Cell Title="Limiter L battery voltage">
			<Parameters>
				<Parameter>
					<Name>Limiter L battery voltage</Name>
					<Address>16</Address>
					<Size>1</Size>
				</Parameter>
			</Parameters>
		</Cell>
		<Cell Title="Limiter R release" WriteType="ReadModifyWrite">
			<Parameters>
				<Parameter>
					<Name>Limiter R release</Name>
					<Address>17</Address>
					<Size>2</Size>
				</Parameter>
			</Parameters>
		</Cell>
		<Cell Title="Limiter R attack" WriteType="ReadModifyWrite">
			<Parameters>
				<Parameter>
					<Name>Limiter R attack</Name>
					<Address>17</Address>
					<Size>2</Size>
				</Parameter>
			</Parameters>
		</Cell>
		<Cell Title="R battery track" WriteType="ReadModifyWrite">
			<Parameters>
				<Parameter>
					<Name>R battery track</Name>
					<Address>17</Address>
					<Size>2</Size>
				</Parameter>
			</Parameters>
		</Cell>
		<Cell Title="Limiter R mode" WriteType="ReadModifyWrite">
			<Parameters>
				<Parameter>
					<Name>Limiter R mode</Name>
					<Address>17</Address>
					<Size>2</Size>
				</Parameter>
			</Parameters>
		</Cell>
		<Cell Title="Limiter R threshold" WriteType="ReadModifyWrite">
			<Parameters>
				<Parameter>
					<Name>Limiter R threshold</Name>
					<Address>18</Address>
					<Size>2</Size>
				</Parameter>
			</Parameters>
		</Cell>
		<Cell Title="Limiter R slope" WriteType="ReadModifyWrite">
			<Parameters>
				<Parameter>
					<Name>Limiter R slope</Name>
					<Address>18</Address>
					<Size>2</Size>
				</Parameter>
			</Parameters>
		</Cell>
		<Cell Title="Limiter R battery voltage">
			<Parameters>
				<Parameter>
					<Name>Limiter R battery voltage</Name>
					<Address>19</Address>
					<Size>1</Size>
				</Parameter>
			</Parameters>
		</Cell>
		<Cell Title="Clip L">
			<Parameters>
				<Parameter>
					<Name>Clip L</Name>
					<Address>20</Address>
					<Size>1</Size>
				</Parameter>
			</Parameters>
		</Cell>
		<Cell Title="Clip R">
			<Parameters>
				<Parameter>
					<Name>Clip R</Name>
					<Address>21</Address>
					<Size>1</Size>
				</Parameter>
			</Parameters>
		</Cell>
	</Cells>
</DSP>