﻿<?xml version="1.0" encoding="utf-8"?>
<!-- *
 * This software is distributed in the hope that it will be useful,
 * but is distributed on an "AS IS" BASIS, WITHOUT WARRANTIES OR
 * CONDITIONS OF ANY KIND, without even the implied warranty of
 * MERCHANTABILITY or FITNESS FOR A PARTICULAR PURPOSE.
 *
 * This software may only be used to program products purchased from
 * Analog Devices for incorporation by you into audio products that
 * are intended for resale to audio product end users. This software
 * may not be distributed whole or in any part to third parties.
 *
 * Copyright © 2025 Analog Devices, Inc. All rights reserved.
 */
-->
<!--NetList XML file-->
<NetList>
    <IC name=" IC 1 " type="DSPSigmaLP1">
        <Schematic>
            <Algorithm name="ICSigma200In1" friendlyname="Analog+Digital Inputs " cell="Input1 " location="{X=108, Y=261} " Growth="10 " GrowthB="0 " FS="192000">
                <Link pin="O_C4_A0_P1_out" dir="out" link="Link2" />
                <Link pin="O_C4_A0_P2_out" dir="out" link="Link3" />
                <Link pin="O_C4_A0_P3_out" dir="out" link="Link0" />
                <Link pin="O_C4_A0_P4_out" dir="out" link="Link1" />
            </Algorithm>
            <Algorithm name="ICSigmaLP1Out3" friendlyname="1761 output " cell="Output3 " location="{X=621, Y=326} " Growth="0 " GrowthB="0">
                <Link pin="I_C25_A0_P1_in" dir="in" link="Link0" />
            </Algorithm>
            <Algorithm name="ICSigmaLP1Out4" friendlyname="1761 output " cell="Output4 " location="{X=629, Y=374} " Growth="0 " GrowthB="0">
                <Link pin="I_C27_A0_P1_in" dir="in" link="Link1" />
            </Algorithm>
            <Algorithm name="ICSigmaLP1Out1" friendlyname="1761 output " cell="Output1 " location="{X=610, Y=185} " Growth="0 " GrowthB="0">
                <Link pin="I_C2_A0_P1_in" dir="in" link="Link2" />
            </Algorithm>
            <Algorithm name="ICSigmaLP1Out2" friendlyname="1761 output " cell="Output2 " location="{X=639, Y=230} " Growth="0 " GrowthB="0">
                <Link pin="I_C8_A0_P1_in" dir="in" link="Link3" />
            </Algorithm>
        </Schematic>
    </IC>
</NetList>