﻿<?xml version="1.0" encoding="utf-8"?>
<!-- *
 * This software is distributed in the hope that it will be useful,
 * but is distributed on an "AS IS" BASIS, WITHOUT WARRANTIES OR
 * CONDITIONS OF ANY KIND, without even the implied warranty of
 * MERCHANTABILITY or FITNESS FOR A PARTICULAR PURPOSE.
 *
 * This software may only be used to program products purchased from
 * Analog Devices for incorporation by you into audio products that
 * are intended for resale to audio product end users. This software
 * may not be distributed whole or in any part to third parties.
 *
 * Copyright © 2025 Analog Devices, Inc. All rights reserved.
 */
-->
<!--NetList XML file-->
<NetList>
    <IC name=" IC 1 " type="ADAU1467">
        <Schematic>
            <Algorithm name="ICInputADAU145X1" friendlyname="ADAU145x Inputs 0-15 " cell="Input2 " location="{X=-1140, Y=663} " Growth="16 " GrowthB="0 " FS="192000">
                <Link pin="O_C146_A0_P1_out" dir="out" link="Link20" />
                <Link pin="O_C146_A0_P2_out" dir="out" link="Link15" />
            </Algorithm>
            <Algorithm name="ICInput4ADAU145X1" friendlyname="ADAU145x Inputs 40-47 " cell="Input1 " location="{X=-1038, Y=486} " Growth="8 " GrowthB="0 " FS="192000">
                <Link pin="O_C167_A0_P1_out" dir="out" link="Link0" />
                <Link pin="O_C167_A0_P2_out" dir="out" link="Link1" />
            </Algorithm>
            <Algorithm name="AsrcInSigma300Alg1" friendlyname="From ASRC " cell="AsrcIn1 " location="{X=-1136, Y=336} " Growth="16 " GrowthB="0 " FS="192000">
                <Link pin="O_C176_A0_P1_out" dir="out" link="Link31" />
                <Link pin="O_C176_A0_P2_out" dir="out" link="Link32" />
            </Algorithm>
            <Algorithm name="RegisterReadAlg1" friendlyname="Register Read " cell="RegRead1 " location="{X=-1093, Y=-59} " Growth="1 " GrowthB="0 " FS="192000">
                <Link pin="O_C35_A0_P1_out" dir="out" link="Link6" />
            </Algorithm>
            <Algorithm name="DCInpAlg145X1" friendlyname="DC-Input " cell="DC2 " location="{X=-993, Y=45} " Growth="0 " GrowthB="0 " FS="192000">
                <Link pin="O_C44_A0_P1_out" dir="out" link="Link4" />
            </Algorithm>
            <Algorithm name="ReadBackAlgNewSigma3002" friendlyname="Data/Register Readback " cell="ReadBack1 " location="{X=-993, Y=-77} " Growth="0 " GrowthB="0">
                <Link pin="I_C37_A0_P1_in" dir="in" link="Link6" />
                <Link pin="O_C37_A0_P2_out" dir="out" link="Link9" />
            </Algorithm>
            <Algorithm name="LogicAlgBitSigma3001" friendlyname="LOGICbit " cell="Logic1 " location="{X=-818, Y=-57} " Growth="0 " GrowthB="0">
                <Link pin="I_C40_A0_P1_in" dir="in" link="Link9" />
                <Link pin="I_C40_A0_P2_in" dir="in" link="Link4" />
                <Link pin="O_C40_A0_P3_out" dir="out" link="Link8" />
            </Algorithm>
            <Algorithm name="ReadBackAlgNewSigma3001" friendlyname="Data/Register Readback " cell="ReadBack2 " location="{X=-818, Y=125} " Growth="0 " GrowthB="0">
                <Link pin="I_C17_A0_P1_in" dir="in" link="Link31" />
                <Link pin="O_C17_A0_P2_out" dir="out" link="Link10" />
            </Algorithm>
            <Algorithm name="DelaySigma300Alg1" friendlyname="Growable Delay " cell="Delay1 " location="{X=-710, Y=162} " Growth="2 " GrowthB="0">
                <Link pin="I_C21_A0_P1_in" dir="in" link="Link10" />
                <Link pin="I_C21_A0_P3_in" dir="in" link="Link32" />
                <Link pin="O_C21_A0_P2_out" dir="out" link="Link5" />
                <Link pin="O_C21_A0_P4_out" dir="out" link="Link3" />
            </Algorithm>
            <Algorithm name="ReadBackAlgNewSigma3003" friendlyname="Data/Register Readback " cell="ReadBack3 " location="{X=-710, Y=-77} " Growth="0 " GrowthB="0">
                <Link pin="I_C46_A0_P1_in" dir="in" link="Link8" />
                <Link pin="O_C46_A0_P2_out" dir="out" link="Link33" />
            </Algorithm>
            <Algorithm name="GPOAlg3001" friendlyname="General Purpose Output " cell="GPO1_2 " location="{X=-368, Y=-114} " Growth="0 " GrowthB="0">
                <Link pin="I_C75_A0_P1_in" dir="in" link="Link33" />
            </Algorithm>
            <Algorithm name="BufferAlgSigma3001" friendlyname="LBuffer " cell="Buff1 " location="{X=-527, Y=-20} " Growth="1 " GrowthB="0">
                <Link pin="I_C55_A0_P1_in" dir="in" link="Link33" />
                <Link pin="O_C55_A0_P2_out" dir="out" link="Link7" />
            </Algorithm>
            <Algorithm name="ExternalGainAlgSlew145X1" friendlyname="Gain (HW slew) " cell="Slew vol 1 " location="{X=-507, Y=140} " Growth="2 " GrowthB="0">
                <Link pin="I_C27_A0_P1_in" dir="in" link="Link7" />
                <Link pin="I_C27_A0_P2_in" dir="in" link="Link5" />
                <Link pin="I_C27_A0_P4_in" dir="in" link="Link3" />
                <Link pin="O_C27_A0_P3_out" dir="out" link="Link11" />
                <Link pin="O_C27_A0_P5_out" dir="out" link="Link2" />
            </Algorithm>
            <Algorithm name="GainAlgNS145X2" friendlyname="Gain (no-slew) " cell="Gain1 " location="{X=-401, Y=139} " Growth="2 " GrowthB="0">
                <Link pin="I_C67_A0_P1_in" dir="in" link="Link11" />
                <Link pin="I_C67_A0_P3_in" dir="in" link="Link2" />
                <Link pin="O_C67_A0_P2_out" dir="out" link="Link34" />
                <Link pin="O_C67_A0_P4_out" dir="out" link="Link35" />
            </Algorithm>
            <Algorithm name="stereomuxSigma300ns1" friendlyname="Stereo " cell="Nx2-1 " location="{X=-566, Y=483} " Growth="3 " GrowthB="0">
                <Link pin="I_C137_A0_P3_in" dir="in" link="Link34" />
                <Link pin="I_C137_A0_P4_in" dir="in" link="Link35" />
                <Link pin="I_C137_A0_P5_in" dir="in" link="Link0" />
                <Link pin="I_C137_A0_P6_in" dir="in" link="Link1" />
                <Link pin="I_C137_A0_P7_in" dir="in" link="Link20" />
                <Link pin="I_C137_A0_P8_in" dir="in" link="Link15" />
                <Link pin="O_C137_A0_P1_out" dir="out" link="Link19" />
                <Link pin="O_C137_A0_P2_out" dir="out" link="Link18" />
            </Algorithm>
            <Algorithm name="SuperBassAlgStereoS3001" friendlyname="Super Bass SWSlewG3 " cell="SuperBass2 " location="{X=-394, Y=456.5} " Growth="0 " GrowthB="0">
                <Link pin="I_C226_A0_P1_in" dir="in" link="Link19" />
                <Link pin="I_C226_A0_P2_in" dir="in" link="Link18" />
                <Link pin="O_C226_A0_P3_out" dir="out" link="Link25" />
                <Link pin="O_C226_A0_P4_out" dir="out" link="Link26" />
            </Algorithm>
            <Algorithm name="EQFilterSPS300Alg1" friendlyname="Multi-Channel - Single Precision " cell="Gen Filter1 " location="{X=-283, Y=479} " Growth="1 " GrowthB="2">
                <Link pin="I_C350_A0_P1_in" dir="in" link="Link25" />
                <Link pin="I_C350_A0_P3_in" dir="in" link="Link26" />
                <Link pin="O_C350_A0_P2_out" dir="out" link="Link36" />
                <Link pin="O_C350_A0_P4_out" dir="out" link="Link37" />
            </Algorithm>
            <Algorithm name="ICOutADAU145X7" friendlyname="Output " cell="Output5 " location="{X=580, Y=1109} " Growth="1 " GrowthB="0">
                <Link pin="I_C207_A0_P1_in" dir="in" link="Link36" />
            </Algorithm>
            <Algorithm name="ICOutADAU145X8" friendlyname="Output " cell="Output6 " location="{X=580, Y=1158} " Growth="1 " GrowthB="0">
                <Link pin="I_C209_A0_P1_in" dir="in" link="Link37" />
            </Algorithm>
            <Algorithm name="GainAlgNS145X1" friendlyname="Gain (no-slew) " cell="Single 1 " location="{X=-132, Y=416} " Growth="2 " GrowthB="0">
                <Link pin="I_C361_A0_P1_in" dir="in" link="Link36" />
                <Link pin="I_C361_A0_P3_in" dir="in" link="Link37" />
                <Link pin="O_C361_A0_P2_out" dir="out" link="Link30" />
                <Link pin="O_C361_A0_P4_out" dir="out" link="Link29" />
            </Algorithm>
            <Algorithm name="ICSigma300SpdifOut1" friendlyname="SPDIF output " cell="SpdifOut2 " location="{X=448, Y=1073} " Growth="0 " GrowthB="0">
                <Link pin="I_C87_A0_P1_in" dir="in" link="Link29" />
            </Algorithm>
            <Algorithm name="ICSigma300SpdifOut2" friendlyname="SPDIF output " cell="SpdifOut1 " location="{X=448, Y=1013} " Growth="0 " GrowthB="0">
                <Link pin="I_C91_A0_P1_in" dir="in" link="Link30" />
            </Algorithm>
            <Algorithm name="NthOrderDoubleS3002" friendlyname="N Channel - Double Precision " cell="NFilterHi_1 " location="{X=452, Y=230} " Growth="2 " GrowthB="0">
                <Link pin="I_C249_A0_P1_in" dir="in" link="Link30" />
                <Link pin="I_C249_A0_P3_in" dir="in" link="Link29" />
                <Link pin="O_C249_A0_P2_out" dir="out" link="Link27" />
                <Link pin="O_C249_A0_P4_out" dir="out" link="Link28" />
            </Algorithm>
            <Algorithm name="NthOrderDoubleS3001" friendlyname="N Channel - Double Precision " cell="NFilterMid_1 " location="{X=415, Y=507} " Growth="2 " GrowthB="0">
                <Link pin="I_C244_A0_P1_in" dir="in" link="Link30" />
                <Link pin="I_C244_A0_P3_in" dir="in" link="Link29" />
                <Link pin="O_C244_A0_P2_out" dir="out" link="Link16" />
                <Link pin="O_C244_A0_P4_out" dir="out" link="Link17" />
            </Algorithm>
            <Algorithm name="NthOrderDoubleS3004" friendlyname="N Channel - Double Precision " cell="NFilterLow " location="{X=555, Y=710} " Growth="2 " GrowthB="0">
                <Link pin="I_C404_A0_P1_in" dir="in" link="Link30" />
                <Link pin="I_C404_A0_P3_in" dir="in" link="Link29" />
                <Link pin="O_C404_A0_P2_out" dir="out" link="Link23" />
                <Link pin="O_C404_A0_P4_out" dir="out" link="Link24" />
            </Algorithm>
            <Algorithm name="NthOrderDoubleS3003" friendlyname="N Channel - Double Precision " cell="NFilterMid_2 " location="{X=553, Y=507} " Growth="2 " GrowthB="0">
                <Link pin="I_C58_A0_P1_in" dir="in" link="Link16" />
                <Link pin="I_C58_A0_P3_in" dir="in" link="Link17" />
                <Link pin="O_C58_A0_P2_out" dir="out" link="Link21" />
                <Link pin="O_C58_A0_P4_out" dir="out" link="Link22" />
            </Algorithm>
            <Algorithm name="SWGainOptADAU145XAlg6" friendlyname="Gain (RC optimized SW slew) " cell="SW vol 1_6 " location="{X=790, Y=713} " Growth="2 " GrowthB="0">
                <Link pin="I_C25_A0_P1_in" dir="in" link="Link23" />
                <Link pin="I_C25_A0_P3_in" dir="in" link="Link24" />
                <Link pin="O_C25_A0_P2_out" dir="out" link="Link40" />
                <Link pin="O_C25_A0_P4_out" dir="out" link="Link13" />
            </Algorithm>
            <Algorithm name="SWGainOptADAU145XAlg2" friendlyname="Gain (RC optimized SW slew) " cell="SW vol 1_2 " location="{X=785, Y=205} " Growth="2 " GrowthB="0">
                <Link pin="I_C259_A0_P1_in" dir="in" link="Link27" />
                <Link pin="I_C259_A0_P3_in" dir="in" link="Link28" />
                <Link pin="O_C259_A0_P2_out" dir="out" link="Link38" />
                <Link pin="O_C259_A0_P4_out" dir="out" link="Link14" />
            </Algorithm>
            <Algorithm name="ICOutADAU145X6" friendlyname="Output " cell="Output8 " location="{X=938, Y=814} " Growth="1 " GrowthB="0">
                <Link pin="I_C163_A0_P1_in" dir="in" link="Link13" />
            </Algorithm>
            <Algorithm name="ICOutADAU145X2" friendlyname="Output " cell="Output2 " location="{X=933, Y=307} " Growth="1 " GrowthB="0">
                <Link pin="I_C105_A0_P1_in" dir="in" link="Link14" />
            </Algorithm>
            <Algorithm name="SWGainOptADAU145XAlg3" friendlyname="Gain (RC optimized SW slew) " cell="SW vol 1_3 " location="{X=791, Y=473} " Growth="2 " GrowthB="0">
                <Link pin="I_C268_A0_P1_in" dir="in" link="Link21" />
                <Link pin="I_C268_A0_P3_in" dir="in" link="Link22" />
                <Link pin="O_C268_A0_P2_out" dir="out" link="Link39" />
                <Link pin="O_C268_A0_P4_out" dir="out" link="Link12" />
            </Algorithm>
            <Algorithm name="ICOutADAU145X4" friendlyname="Output " cell="Output4 " location="{X=934, Y=560} " Growth="1 " GrowthB="0">
                <Link pin="I_C125_A0_P1_in" dir="in" link="Link12" />
            </Algorithm>
            <Algorithm name="ICOutADAU145X1" friendlyname="Output " cell="Output1 " location="{X=933, Y=257} " Growth="1 " GrowthB="0">
                <Link pin="I_C95_A0_P1_in" dir="in" link="Link38" />
            </Algorithm>
            <Algorithm name="ICOutADAU145X5" friendlyname="Output " cell="Output7 " location="{X=938, Y=765} " Growth="1 " GrowthB="0">
                <Link pin="I_C127_A0_P1_in" dir="in" link="Link40" />
            </Algorithm>
            <Algorithm name="ICOutADAU145X3" friendlyname="Output " cell="Output3 " location="{X=931, Y=515} " Growth="1 " GrowthB="0">
                <Link pin="I_C123_A0_P1_in" dir="in" link="Link39" />
            </Algorithm>
        </Schematic>
    </IC>
</NetList>