﻿<?xml version="1.0" encoding="utf-8"?>
<!-- Edit this file carefully! Editing may lead to unpredictable behaviour! -->
<Controller ID="7" USBPacketSize="256" DownLoadAPI="1" ProjectMemorySize="4096">
  <Delay>
    <TimerPCS>599;2399;2399;5999;5999;8999;11999;14999</TimerPCS>
    <TimerARR>399;999;1999;3999;7999;7999;7999;7999</TimerARR>
  </Delay>
  <GPIOS>
    <RegGPIOs TouchCapGpio="2">
      <gpio Title="0">
        <Functions>NOT ACTIVE;BUTTON;SWITCH;I2C1_DATA;CHIP SELECT;ENC_0A;PMB_0+</Functions>
      </gpio>
      <gpio Title="1">
        <Functions>NOT ACTIVE;BUTTON;SWITCH;I2C1_SCL;CHIP SELECT;ENC_0B;PMB_0-</Functions>
      </gpio>
      <gpio Title="2">
        <Functions>NOT ACTIVE;BUTTON;SWITCH;RESISTOR;CHIP SELECT;LED;ENC_1A;PMB_1+</Functions>
      </gpio>
      <gpio Title="3">
        <Functions>NOT ACTIVE;BUTTON;SWITCH;RESISTOR;CHIP SELECT;LED;ENC_1B;PMB_1-;TOUCH</Functions>
      </gpio>
      <gpio Title="4">
        <Functions>NOT ACTIVE;BUTTON;SWITCH;RESISTOR;CHIP SELECT;LED;ENC_2A;PMB_2+;TOUCH</Functions>
      </gpio>
      <gpio Title="5">
        <Functions>NOT ACTIVE;BUTTON;SWITCH;RESISTOR;CHIP SELECT;LED;MUTE_OUT;ENC_2B;PMB_2-;TOUCH</Functions>
      </gpio>
      <gpio Title="6">
        <Functions>NOT ACTIVE;BUTTON;SWITCH;RESISTOR;CHIP SELECT;LED;RESET_OUT;ENC_3A;PMB_3+</Functions>
      </gpio>
      <gpio Title="7">
        <Functions>NOT ACTIVE;BUTTON;SWITCH;RESISTOR;SPI SCK;LED;ENC_3B;PMB_3-</Functions>
      </gpio>
      <gpio Title="8">
        <Functions>NOT ACTIVE;BUTTON;SWITCH;RESISTOR;SPI MISO;LED;ENC_4A;PMB_4+</Functions>
      </gpio>
      <gpio Title="9">
        <Functions>NOT ACTIVE;BUTTON;SWITCH;RESISTOR;SPI MOSI;LED;ENC_4B;PMB_4-</Functions>
      </gpio>
      <gpio Title="10">
        <Functions>NOT ACTIVE;BUTTON;SWITCH;RESISTOR;CHIP SELECT;LED;ENC_5A;PMB_5+</Functions>
      </gpio>
      <gpio Title="11">
        <Functions>NOT ACTIVE;BUTTON;SWITCH;RESISTOR;CHIP SELECT;LED;ENC_5B;PMB_5-</Functions>
      </gpio>
      <gpio Title="12">
        <Functions>NOT ACTIVE;BUTTON;SWITCH;I2C2_SCL;CHIP SELECT;LED;ENC_6A;PMB_6+</Functions>
      </gpio>
      <gpio Title="13">
        <Functions>NOT ACTIVE;BUTTON;SWITCH;I2C2_DATA;CHIP SELECT;LED;ENC_6B;PMB_6-</Functions>
      </gpio>
      <gpio Title="14">
        <Functions>NOT ACTIVE;BUTTON;SWITCH;CHIP SELECT;LED;ENC_7A;PMB_7+</Functions>
      </gpio>
      <gpio Title="15">
        <Functions>NOT ACTIVE;BUTTON;SWITCH;CHIP SELECT;LED;ENC_7B;PMB_7-</Functions>
      </gpio>
    </RegGPIOs>
    <GPIOInterfaces>
      <gpio Title="I2C1" IsEnabled="false">
        <Functions>NOT ACTIVE;ACTIVE</Functions>
        <Lines>0;1</Lines>
        <FunctionIndex>3</FunctionIndex>
      </gpio>
      <gpio Title="I2C2" IsEnabled="false">
        <Functions>NOT ACTIVE;ACTIVE</Functions>
        <Lines>12;13</Lines>
        <FunctionIndex>3</FunctionIndex>
      </gpio>
      <gpio Title="SPI" IsEnabled="false">
        <Functions>NOT ACTIVE;ACTIVE</Functions>
        <Lines>7;8;9</Lines>
        <FunctionIndex>4</FunctionIndex>
      </gpio>
    </GPIOInterfaces>
    <DSPInterfaces>
      <gpio Title="I2C" IsEnabled="false">
        <Functions>NOT ACTIVE;ACTIVE</Functions>
      </gpio>
      <gpio Title="SPI">
        <Functions>NOT ACTIVE;ACTIVE</Functions>
      </gpio>
      <gpio Title="CS">
        <Functions>NOT ACTIVE;ACTIVE</Functions>
      </gpio>
    </DSPInterfaces>
  </GPIOS>
  <PixelLED IsEnabled="True" Gpio="10"/>
  <Options Mask="0"/>
	<ComboProject Mask="7" ProjectBootOption="true">
		<BootGPIOs>15;14;11;10</BootGPIOs>
		<StreamGPIOs>2;12</StreamGPIOs>
		<UnusedStreams>21;22;23;24;25;26;27;28</UnusedStreams>
	</ComboProject>
</Controller>