﻿<?xml version="1.0" encoding="utf-8"?>
<!-- Edit this file carefully! Editing may lead to unpredictable behaviour! -->
<Controller ID="9" USBPacketSize="512" DownLoadAPI="2" ProjectMemorySize="4096">
  <Delay>
    <TimerPCS>1079;10799;21599;10799;17999;17999;23999;29999</TimerPCS>
	<TimerARR>999;999;999;9999;11999;17999;17999;17999</TimerARR>
  </Delay>
  <Mute>
	<Values>100;250;500;750;1000;1250;1500;1750;2000;2250;2500</Values>
	<TimerPCS>5399;8999;8999;13499;17999;22499;26999;20999;17999;26999;22499</TimerPCS>
	<TimerARR>1999;2999;5999;5999;5999;5999;5999;8999;11999;8999;11999</TimerARR>
  </Mute>
  <GPIOS>
    <RegGPIOs>
		<gpio Title="0">
			<Functions>NOT ACTIVE;BUTTON;SWITCH;RESISTOR;CHIP SELECT;LED;ENC_0A;PMB_0+</Functions>
		</gpio>
		<gpio Title="1">
			<Functions>NOT ACTIVE;BUTTON;SWITCH;RESISTOR;CHIP SELECT;LED;ENC_0B;PMB_0-</Functions>
		</gpio>
		<gpio Title="2">
			<Functions>NOT ACTIVE;BUTTON;SWITCH;RESISTOR;CHIP SELECT;LED;ENC_1A;PMB_1+</Functions>
		</gpio>
		<gpio Title="3" Option="32">
			<Functions>NOT ACTIVE;BUTTON;SWITCH;RESISTOR;CHIP SELECT;LED;ENC_1B;PMB_1-</Functions>
		</gpio>
		<gpio Title="4">
			<Functions>NOT ACTIVE;BUTTON;SWITCH;RESISTOR;SPI SCK;LED;ENC_2A;PMB_2+</Functions>
		</gpio>
		<gpio Title="5">
			<Functions>NOT ACTIVE;BUTTON;SWITCH;RESISTOR;SPI MISO;LED;ENC_2B;PMB_2-</Functions>
		</gpio>
		<gpio Title="6">
			<Functions>NOT ACTIVE;BUTTON;SWITCH;RESISTOR;SPI MOSI;LED;ENC_3A;PMB_3+</Functions>
		</gpio>
		<gpio Title="7" Option="2">
			<Functions>NOT ACTIVE;BUTTON;SWITCH;RESISTOR;CHIP SELECT;LED;ENC_3B;PMB_3-</Functions>
		</gpio>
		<gpio Title="8" Option="2">
			<Functions>NOT ACTIVE;BUTTON;SWITCH;RESISTOR;CHIP SELECT;LED;ENC_4A;PMB_4+</Functions>
		</gpio>
		<gpio Title="9" Option="2">
			<Functions>NOT ACTIVE;BUTTON;SWITCH;RESISTOR;CHIP SELECT;LED;ENC_4B;PMB_4-</Functions>
		</gpio>
		<gpio Title="10">
			<Functions>NOT ACTIVE;BUTTON;SWITCH;I2C2_SCL;CHIP SELECT;LED;ENC_5A;PMB_5+</Functions>
		</gpio>
		<gpio Title="11">
			<Functions>NOT ACTIVE;BUTTON;SWITCH;I2C2_DATA;CHIP SELECT;LED;ENC_5B;PMB_5-</Functions>
		</gpio>
		<gpio Title="12">
			<Functions>NOT ACTIVE;BUTTON;SWITCH;CHIP SELECT;LED;ENC_6A;PMB_6+</Functions>
		</gpio>
		<gpio Title="13">
			<Functions>NOT ACTIVE;BUTTON;SWITCH;CHIP SELECT;LED;ENC_6B;PMB_6-</Functions>
		</gpio>
		<gpio Title="14" Option="8">
			<Functions>NOT ACTIVE;BUTTON;SWITCH;CHIP SELECT;LED</Functions>
		</gpio>
		<gpio Title="15" Option="8">
			<Functions>NOT ACTIVE;BUTTON;SWITCH;CHIP SELECT;LED</Functions>
		</gpio>
		<gpio Title="16">
			<Functions>NOT ACTIVE;BUTTON;SWITCH;CHIP SELECT;LED;MUTE_OUT</Functions>
		</gpio>
		<gpio Title="17">
			<Functions>NOT ACTIVE;BUTTON;SWITCH;CHIP SELECT;LED</Functions>
		</gpio>
		<gpio Title="18">
			<Functions>NOT ACTIVE;BUTTON;SWITCH;CHIP SELECT;LED</Functions>
		</gpio>
		<gpio Title="19" Option="1">
			<Functions>NOT ACTIVE;BUTTON;SWITCH;CHIP SELECT;LED</Functions>
		</gpio>
		<gpio Title="20" Option="4">
			<Functions>NOT ACTIVE;BUTTON;SWITCH;CHIP SELECT;LED;ENC_7A;PMB_7+</Functions>
		</gpio>
		<gpio Title="21" Option="4">
			<Functions>NOT ACTIVE;BUTTON;SWITCH;CHIP SELECT;LED;ENC_7B;PMB_7-</Functions>
		</gpio>
		<gpio Title="22">
			<Functions>NOT ACTIVE;BUTTON;SWITCH;CHIP SELECT;LED</Functions>
		</gpio>
		<gpio Title="23">
			<Functions>NOT ACTIVE;BUTTON;SWITCH;RESISTOR;CHIP SELECT;LED</Functions>
		</gpio>
		<gpio Title="24">
			<Functions>NOT ACTIVE;BUTTON;SWITCH;RESISTOR;CHIP SELECT;LED</Functions>
		</gpio>
		<gpio Title="25">
			<Functions>NOT ACTIVE;BUTTON;SWITCH;RESISTOR;CHIP SELECT;LED</Functions>
		</gpio>
		<gpio Title="26">
			<Functions>NOT ACTIVE;BUTTON;SWITCH;RESISTOR;CHIP SELECT;LED</Functions>
		</gpio>
		<gpio Title="27">
			<Functions>NOT ACTIVE;BUTTON;SWITCH;RESISTOR;CHIP SELECT;LED</Functions>
		</gpio>
		<gpio Title="28">
			<Functions>NOT ACTIVE;BUTTON;SWITCH;CHIP SELECT;LED</Functions>
		</gpio>
		<gpio Title="29">
			<Functions>NOT ACTIVE;BUTTON;SWITCH;CHIP SELECT;LED</Functions>
		</gpio>
		<gpio Title="30">
			<Functions>NOT ACTIVE;BUTTON;SWITCH;CHIP SELECT;LED</Functions>
		</gpio>
		<gpio Title="31">
			<Functions>NOT ACTIVE;BUTTON;SWITCH;CHIP SELECT;LED</Functions>
		</gpio>
    </RegGPIOs>
    <GPIOInterfaces>
		<gpio Title="I2C">
			<Functions>NOT ACTIVE;ACTIVE</Functions>
			<Lines>10;11</Lines>
			<FunctionIndex>3</FunctionIndex>
		</gpio>
		<gpio Title="SPI">
			<Functions>NOT ACTIVE;ACTIVE</Functions>
			<Lines>4;5;6</Lines>
			<FunctionIndex>4</FunctionIndex>
		</gpio>
    </GPIOInterfaces>
    <DSPInterfaces>
		<gpio Title="I2C">
			<Functions>NOT ACTIVE;ACTIVE</Functions>
		</gpio>
		<gpio Title="SPI">
			<Functions>NOT ACTIVE;ACTIVE</Functions>
		</gpio>
    </DSPInterfaces>
  </GPIOS>
  <PixelLED IsEnabled="True" Gpio="18"/>
  <CLI IsEnabled="True"/>
  <Options Mask="47"/>
  <USBSettings IsEnabled="True">
	  <AudioConfiguration>Stereo 2.0;Stereo 3.1;Quadro 4.0;Surround 5.1;Surround 7.1;Stereo 3.1 TDM;Quadro 4.0 TDM;Surround 7.1 TDM;12 Channels TDM;16 Channels TDM;DSD</AudioConfiguration>
  </USBSettings>
  <ComboProject Mask="8">
	  <UnusedStreams>2;3;6;7;10;13;18;19;20</UnusedStreams>
  </ComboProject>
</Controller>