﻿<?xml version="1.0" encoding="utf-8"?>
<!-- Edit this file carefully! Editing may lead to unpredictable behaviour! -->
<Controller ID="3" USBPacketSize="128" DownLoadAPI="1" ProjectMemorySize="63">
  <Delay>
    <TimerPCS>1199;4199;4199;11999;11999;17999;23999;20999</TimerPCS>
    <TimerARR>699;1999;3999;6999;13999;13999;13999;19999</TimerARR>
  </Delay>
  <Mute>
	<Values>100;250;500;750;1000;1250;1500;1750;2000;2250;2500</Values>
	<TimerPCS>3499;6999;6999;6999;6999;6999;6999;13999;13999;13999;13999</TimerPCS>
	<TimerARR>2399;2999;5999;8999;11999;14999;17999;10499;11999;13499;14999</TimerARR>
  </Mute>
  <GPIOS>
    <RegGPIOs>
      <gpio Title="0">
        <Functions>NOT ACTIVE;BUTTON;SWITCH;RESISTOR;CHIP SELECT;LED;ENC_0A;PMB_0+</Functions>
      </gpio>
      <gpio Title="1">
        <Functions>NOT ACTIVE;BUTTON;SWITCH;RESISTOR;CHIP SELECT;LED;ENC_0B;PMB_0-</Functions>
      </gpio>
      <gpio Title="2">
        <Functions>NOT ACTIVE;BUTTON;SWITCH;RESISTOR;CHIP SELECT;LED;ENC_1A;PMB_1+</Functions>
      </gpio>
      <gpio Title="3" Option="32">
        <Functions>NOT ACTIVE;BUTTON;SWITCH;RESISTOR;CHIP SELECT;LED;ENC_1B;PMB_1-</Functions>
      </gpio>
      <gpio Title="4">
        <Functions>NOT ACTIVE;BUTTON;SWITCH;RESISTOR;SPI SCK;LED;ENC_2A;PMB_2+</Functions>
      </gpio>
      <gpio Title="5">
        <Functions>NOT ACTIVE;BUTTON;SWITCH;RESISTOR;SPI MISO;LED;ENC_2B;PMB_2-</Functions>
      </gpio>
      <gpio Title="6">
        <Functions>NOT ACTIVE;BUTTON;SWITCH;RESISTOR;SPI MOSI;LED;ENC_3A;PMB_3+</Functions>
      </gpio>
      <gpio Title="7" Option="2">
        <Functions>NOT ACTIVE;BUTTON;SWITCH;RESISTOR;CHIP SELECT;LED;ENC_3B;PMB_3-</Functions>
      </gpio>
      <gpio Title="8" Option="2">
        <Functions>NOT ACTIVE;BUTTON;SWITCH;RESISTOR;CHIP SELECT;LED;ENC_4A;PMB_4+</Functions>
      </gpio>
      <gpio Title="9" Option="2">
        <Functions>NOT ACTIVE;BUTTON;SWITCH;RESISTOR;CHIP SELECT;LED;ENC_4B;PMB_4-</Functions>
      </gpio>
      <gpio Title="10">
        <Functions>NOT ACTIVE;BUTTON;SWITCH;I2C2_SCL;CHIP SELECT;LED;ENC_5A;PMB_5+</Functions>
      </gpio>
      <gpio Title="11">
        <Functions>NOT ACTIVE;BUTTON;SWITCH;I2C2_DATA;CHIP SELECT;LED;ENC_5B;PMB_5-</Functions>
      </gpio>
      <gpio Title="12">
        <Functions>NOT ACTIVE;BUTTON;SWITCH;CHIP SELECT;LED;ENC_6A;PMB_6+</Functions>
      </gpio>
      <gpio Title="13">
        <Functions>NOT ACTIVE;BUTTON;SWITCH;CHIP SELECT;LED;ENC_6B;PMB_6-</Functions>
      </gpio>
      <gpio Title="14" Option="8">
        <Functions>NOT ACTIVE;BUTTON;SWITCH;CHIP SELECT;LED</Functions>
      </gpio>
      <gpio Title="15" Option="8">
        <Functions>NOT ACTIVE;BUTTON;SWITCH;CHIP SELECT;LED</Functions>
      </gpio>
	  <gpio Title="16">
        <Functions>NOT ACTIVE;BUTTON;SWITCH;CHIP SELECT;LED;MUTE_OUT</Functions>
      </gpio>
	  <gpio Title="17">
        <Functions>NOT ACTIVE;BUTTON;SWITCH;CHIP SELECT;LED</Functions>
      </gpio>
	  <gpio Title="18">
        <Functions>NOT ACTIVE;BUTTON;SWITCH;CHIP SELECT;LED</Functions>
      </gpio>
	  <gpio Title="19" Option="1">
        <Functions>NOT ACTIVE;BUTTON;SWITCH;CHIP SELECT;LED</Functions>
      </gpio>
	  <gpio Title="20" Option="4">
        <Functions>NOT ACTIVE;BUTTON;SWITCH;CHIP SELECT;LED;ENC_7A;PMB_7+</Functions>
      </gpio>
	  <gpio Title="21" Option="4">
        <Functions>NOT ACTIVE;BUTTON;SWITCH;CHIP SELECT;LED;ENC_7B;PMB_7-</Functions>
      </gpio>
    </RegGPIOs>
    <GPIOInterfaces>
      <gpio Title="I2C">
        <Functions>NOT ACTIVE;ACTIVE</Functions>
        <Lines>10;11</Lines>
        <FunctionIndex>3</FunctionIndex>
      </gpio>
      <gpio Title="SPI">
        <Functions>NOT ACTIVE;ACTIVE</Functions>
        <Lines>4;5;6</Lines>
        <FunctionIndex>4</FunctionIndex>
      </gpio>
    </GPIOInterfaces>
    <DSPInterfaces>
      <gpio Title="I2C">
        <Functions>NOT ACTIVE;ACTIVE</Functions>
      </gpio>
    </DSPInterfaces>
  </GPIOS>
  <PixelLED IsEnabled="True" Gpio="18"/>
  <CEC IsEnabled="True" Gpio="17"/>
  <Options Mask="47"/>
  <USBSettings IsEnabled="True">
	  <AudioConfiguration>Stereo 2.0 32 bit;Stereo 2.0;Stereo 3.1;Quadro 4.0;Surround 7.1;Stereo 2.0 32 bit TDM;Stereo 2.0 TDM;Stereo 3.1 TDM;Quadro 4.0 TDM;Surround 7.1 TDM;Stereo 2.0 SPDIF</AudioConfiguration>
  </USBSettings>
  <ComboProject Mask="8">
	  <UnusedStreams>2;3;6;7;10;13;15;17;18;19;20;21;22;23;24;25;26;27;28</UnusedStreams>
  </ComboProject>
</Controller>